country,国家,地理,收入,OECD会员,巴塞尔会员,货币政策目标,央行是否有金融稳定导向,央行是否是审慎机构,央行是否担任金融稳定委员会主席,治理框架类型,绿色宏观审慎监管类型,绿色宏观审慎监管指数GMI,是否是NGFS成员,NGFS成员,监管实施方,绿色审慎工具,绿色审慎工具指数,差别化准备金要求,贷款限额,披露要求,风险评估,流动性工具,绿色金融原则,压力测试,Content & Objective/s of the green regulation,增补，截至20210907,调整后,Reference,Source
Argentina,阿根廷,美洲,高收入,no,yes,2,yes,yes,NA,0,under discussion,0,no,no,"?阿根廷财政部
?阿根廷国家证券委员会","?环境风险计量与披露
?绿色、社会和可持续债券指南",2,,,是,,,,,###############################################################################################################################################################################################################################################################,"紧急气候行动：面对政府间气候变化专门委员会(IPCC)于2021年8月9日发布的最新报告提出的科学证据，根据《巴黎协定》，提高气候议程的政治相关性势在必行。
会议将分为三个部分，包括高级别辩论、技术讨论和部长级圆桌会议。(https://www.argentina.gob.ar/ambiente/americas-climate-ambition)",2,Green shoots emerging: discussing bankability and sustainability in Argentina’s infrastructure,https://goo.gl/nEJKQs
Australia,澳大利亚,亚太,高收入,yes,yes,1,yes,no,yes,1,under discussion,0,yes,yes，为澳大利亚审慎监管局，澳大利亚储备银行,"澳大利亚审慎监管局
（澳大利亚审慎监管局 (APRA) 是一个独立的法定机构，负责监管银行、保险和养老金机构，并促进澳大利亚金融体系的稳定。）",调整审慎和环境目标,4,,,,,,是,是,"澳大利亚审慎监管局（APRA）表示，它认为气候变化是一种""实质性""的物理和过渡风险，在监测银行、保险公司和资产管理公司时，将更密切地考虑气候变化。",###############################################################################################################################################################################################################################################################,10（增加压力测试）,Australia's new horizon: Climate change challenges and prudential risk,https://goo.gl/n9gx6H
Austria,奥地利,欧洲,高收入,yes,yes,1,yes,no,no (Ministry of Finance),1,under discussion,0,yes,yes，为奥地利国家银行，奥地利金融市场管理局, 奥斯特雷希什国家银行 (OeNB)，即中央银行,调整审慎和环境目标,4,,,,,,是,,"奥斯特雷希什国家银行成为金融系统绿化网络（NGFS） 的成员，
2017年12月12日在巴黎同一星球首脑会议上发起，旨在为分析和管理金融部门的气候和环境相关风险作出贡献，并动员主流金融支持向可持续经济过渡。","实现气候目标的“绿色金融议程”，“绿色金融议程”包含为实现气候目标而重新引导资金流动的拟议措施和行动建议。随着“绿色金融议程”的制定，奥地利支持确保可持续增长的目标。
欧盟“绿色新政”投资计划出台（https://www.bundeskanzleramt.gv.at/themen/europa-aktuell/investitionsplan-fuer-den-green-deal-der-eu-vorgestellt.html）",4,"NGFS First Progress Report, October 2018",https://www.banque-france.fr/sites/default/files/media/2018/10/11/818366-ngfs-first-progress-report-20181011.pdf
Bangladesh,孟加拉国,亚太,中低收入,no,no,2,yes,yes,NA,0,mandatory,2,no,no,孟加拉国国家银行，即中央银行,"?绿色融资贷款要求
?绿色金融原则",1,,是,,,,是,,孟加拉国银行对乡镇企业和绿色金融提出了优先贷款要求。自 2015 年以来，至少 5% 的银行贷款组合必须分配给绿色金融（至少 2.5% 分配给农业部门）。贷款要求与资本调整和优惠再融资机会有关。 孟加拉国银行发布了关于孟加拉国银行和机构ESRM的最新准则，以及环境和社会风险评估工具和SFD。,未找到官网,1,"Circular No. 02/2017 on February 8, 2017",https://goo.gl/um3CpT
Belgium,比利时,欧洲,高收入,yes,yes,2,yes,yes,NA,0,under discussion,0,yes,yes，为比利时国家银行,比利时国家银行 NBB，即中央银行,调整审慎和环境目标,4,,,,,,是,,比利时国家银行（NBB）成为金融系统绿化网络（NGFS）的成员，2017年12月12日在巴黎一行星峰会上启动。  NBB 认识到与气候变化相关的金融稳定风险，并认识到有必要修订非财务信息指南，并将其与 FSB 气候相关财务披露特别工作组的建议保持一致。,无,4,"Financial Stability Report, 2018",https://www.nbb.be/doc/ts/publications/fsr/fsr_2018.pdf
Brazil,巴西,美洲,中高收入,no,yes,1,no,yes,yes (de facto changing the chair between  members every 6-months),1,mandatory,3,yes,yes，为巴西中央银行,巴西中央银行,"?部门信贷政策
?自愿环境和社会（E&S）风险管理
?披露要求",7,,是,是,,,,,###############################################################################################################################################################################################################################################################,2021-04，BC 就国家金融系统 (SFN) 披露社会、环境和气候风险相关信息的规范性提案进行了公众咨询（https://www.bcb.gov.br/detalhenoticia/17380/nota）,7,Circular No.  4327                                          Protocolo Verde,"https://goo.gl/Z3rhn5 
https://goo.gl/npy67z"
Cambodia,柬埔寨,亚太,中低收入,no,no,1,no,no,NA,2,voluntary,1,yes,yes，为柬埔寨国家银行,"?柬埔寨国家银行（National Bank of Cambodia，NBC），即中央银行
?银行协会",自愿环境和社会贷款准则,4,,,,,,是,,2016年9月，柬埔寨发起了柬埔寨可持续金融倡议，旨在建立最佳做法，并教育其成员了解可持续银行做法。柬埔寨银行协会承诺与柬埔寨国家银行和环境部合作，制定一套可持续的金融原则。这些原则导致设计自愿的行业环境和社会贷款标准，这些标准已纳入当地银行政策。,柬埔寨银行协会可持续性金融委员会秘书长及柬埔寨外贸银行首席执行官迪思・索查表示，过去几年，来自中国的大量投资，帮助柬埔寨实现了市场和经济的发展。目前，柬埔寨正在关注经济转型，发展绿色经济。（https://baijiahao.baidu.com/s?id=1684239258279057799&wfr=spider&for=pc）,4,Cambodian Sustainable Finance Initiative,https://goo.gl/Ep9xWP
Canada,加拿大,美洲,高收入,yes,yes,4,no,no,no (Ministry of Finance),2,under discussion,0,yes,yes，为加拿大银行,加拿大银行，即中央银行,披露与气候相关的风险,2,,,是,,,是,是,"加拿大养老金监督当局协会于2017年2月修订了指导意见，将ESG问题列为养老金受托人评估的典型风险。蒂莫西・莱恩的讲话，
加拿大银行金融和可持续发展倡议副行长（2017年3月2日，魁北克省蒙特利尔市），强调了协调金融稳定和可持续发展目标的重要性。 他提到，加拿大银行是绿色金融研究小组的积极成员，并正在就治理结构中采用可持续性目标进行富有成效的讨论。 ",###############################################################################################################################################################################################################################################################,10（增加绿色金融原则、压力测试）,Thermometer Rising―Climate Change and Canada’s Economic Future,"https://goo.gl/6PJ1Tm
https://goo.gl/LphVw4"
Chile,智利,美洲,高收入,yes,observer,2,yes,no,no (Ministry of Finance),1,under discussion,0,yes,yes，为智利中央银行，智利金融市场委员会,银行及金融机构监管局 （SBIF） ,调整审慎和环境目标,4,,,,,,是,,"银行及金融机构监管局 （SBIF） 于 2016 年 10 月加入可持续银行网络 （SBN）。  圣地亚哥证券交易所于2018年4月发布绿色债券指引。
",未找到官网,4,"Sustainable Banking Network (SBN)
Briefing (June 2018)",https://www.ifc.org/wps/wcm/connect/eb306224-9558-43bc-9f48-731dccb23b5f/SBN+Brief_+June+2018.pdf?MOD=AJPERES
China,中国,亚太,中高收入,no,yes,4,yes,no,yes,1,mandatory,2,yes,yes，为中国人民银行,"?中国人民银行，即中央银行
?中国银监会","环境压力测试
 ・银行信贷限额",9,,是,,,,是,是,2014年，中国人民银行（PoC）出台了绿色信贷监测评估机制和关键绩效指标检查表，以补充绿色信贷准则。 2015年，中国金融监管委员会还出台了绿色金融债券规则。在绿色贷款发放方面，银监会于2014年启动了绿色信贷统计系统。绿色信贷分为12大类，分类别。还为银行开发了一种工具，用于计算绿色信贷带来的环境效益，包括减少碳排放、水污染（化学需氧量）和节约用水。,人民银行《关于修订绿色贷款专项统计制度的通知》和银保监会《绿色融资统计制度》,10,"China Green Credit Guidelines
CBRC Green Credit Statistics
CBRC Green Credit Key Performance Indicators",https://goo.gl/xWJ5Ps
Colombia,哥伦比亚,美洲,中高收入,no,no,1,no,yes,no  (Ministry of Finance),2,voluntary,1,yes,yes，为哥伦比亚中央银行，哥伦比亚金融监管局,哥伦比亚银行协会,"?披露要求
信用风险管理的环境风险评估",6,,,是,是,,,,《哥伦比亚绿色议定书》于2012年启动，是阿索班卡里亚银行协会与环境和可持续发展部共同制定的一套自愿准则。哥伦比亚总统阿索班卡里亚和包括主要商业和发展银行在内的12家银行签署了《绿色议定书》。,无,6,Green Protocol ,https://goo.gl/iEk972
Czech Republic,捷克共和国,欧洲,高收入,yes,yes,2,yes,yes,NA,0,under discussion,0,no,no,捷克国家银行，即中央银行,调整审慎和环境目标,4,,,,,,是,,"CNB可以支持扩大（全球）金融机构的现有良好经验，以可持续投资和采用ESG因素进行这种""自愿""形式的投资。但是，CNB
还认为，今后不应在这方面支持政治家或监管机构直接或间接干预金融机构行为，以削弱自由市场原则来促进政策目标的步骤。",无,4,The CNB’s general position on sustainable investment and its regulation,https://www.cnb.cz/miranda2/export/sites/www.cnb.cz/en/supervision_financial_market/legislation/cnb_opinions/download/20170713_sustainable_finance_report_cnb_opinion.pdf
Denmark,丹麦,欧洲,高收入,yes,no,2,yes,no,yes,1,under discussion,0,yes,yes，为丹麦国家银行，丹麦金融监管局,"? 丹麦国家银行，即中央银行
?政府","・关于透明度和风险披露协议的讨论
・将气候风险纳入金融风险议程",7,,是,是,,,是,是,丹麦国家可持续发展战略（Et béredygtigt Danmark - Udvikling i 平衡）于2014年10月发布，以可持续发展的三大支柱为基础：（1） 金融可持续性，（2） 社会可持续性，（3） 绿色可持续性。 该战略在可持续性的三大支柱中总共提出了23个目标，并增加了关于可持续性国际层面的目标。,###############################################################################################################################################################################################################################################################,10（增加压力测试、绿色金融原则）,Danish strategy for sustainable development,https://goo.gl/vmJiYf
Ecuador,厄瓜多尔,美洲,中高收入,no,no,3,no,no ,no (银行监管方为审慎机构),2,voluntary,1,no,no,银行业协会,"?披露要求
信用风险管理的环境风险评估",7,,是,是,,,,,厄瓜多尔银行协会Asobancos于2016年11月启动了《可持续银行议定书》，10家签署银行占市场份额的80%以上，并得到国际金融公司/SBN的参与和支持。签署银行自愿致力于建立可持续性治理、提供绿色金融服务和产品、实施生态效率方案以及建立环境和社会风险管理系统。,未找到官网,7,Sustainable Banking Protocol ,https://goo.gl/PAkkNA
Estonia,爱沙尼亚,欧洲,高收入,yes,yes,1,yes,yes,no (Ministry of Finance),1,-,-,yes,yes，为爱沙尼亚银行,-,-,-,,,,,,是,,-,加入NGFS成员,4（增加绿色金融原则）,-,-
Finland,芬兰,欧洲,高收入,yes,yes,2,yes,no,yes (rotating between members every 3 years),1,under discussion,0,yes,yes，为芬兰银行,"?芬兰银行，即中央银行
 ? 金融监管局",,-,,,,是,,,,芬兰银行成为金融系统绿化网络（NGFS）的成员，2018年6月，巴黎同一星球峰会启动，旨在为金融部门气候和环境相关风险的分析和管理做出贡献，并动员主流金融支持向可持续经济过渡。,###############################################################################################################################################################################################################################################################,3（增加风险评估）,,https://www.ver.fi/en-US/VER_as_an_Investor/Responsible_Investing
France,法国,欧洲,高收入,yes,yes,2,yes,no,yes,1,voluntary,1,yes,yes，为法国银行,"?法国银行，即中央银行
?法国银行联合会","?披露过度杠杆风险的要点
?压力测试",8,,,是,是,,是,是,法国制定了法国法律所附的气候风险报告的具体要求（关于能源过渡和绿色增长的法律第173条）。后者特别要求公司报告与气候变化有关的金融风险，并要求资产管理公司和机构投资者报告其投资战略中如何考虑ESG标准。银行和信贷提供者应在其年度报告中披露过度杠杆的风险（非碳特异性）和定期压力测试所暴露的风险。机构投资者应在年度报告中披露：关于ESG标准如何在其投资决策中考虑的信息，其政策如何与国家能源和生态转型战略保持一致的信息。,###############################################################################################################################################################################################################################################################,8,Article 173 of the law on energy transition and green growth,https://goo.gl/BY6pNs
Germany,德国,欧洲,高收入,yes,yes,2,yes,yes,no (Ministry of Finance),1,under discussion,0,yes,yes，为德意志联邦银行,"?德意志交易所
?德意志联邦银行，即中央银行",金融的可持续性原则,4,,,是,,,是,是,德国积极参与绿色债券市场： 然而，绿色金融监管和可持续金融准则却缺失。德意志交易所宣布将于2017年5月启动可持续金融倡议。 同时，（一） 柏林联邦州推出了可持续性指数，以重新分配截至2017年的养老基金投资;（二） 联邦黑森州已宣布打算使法兰克福市成为绿色金融中心。 此外，联邦财政部发布了一份（受委托的）研究报告，研究气候变化对金融市场稳定的潜在影响。,###############################################################################################################################################################################################################################################################,4+披露要求,Deutsche B?rse to launch sustainable finance initiative,https://goo.gl/69vgCx
Ghana,加纳,非洲,中低收入,no,no,1,no,no,NA,2,under discussion,0,no,no,加纳银行，即中央银行,仍要启动 E&S 风险管理 （ESRM） 计划并确认加纳可持续银行原则,4,,,,,,是,,2018年3月，加纳银行（BOG）和可持续银行委员会在国际金融公司非洲E&S风险管理（ESRM）方案的支持下，为起草的加纳可持续银行原则召开了利益攸关方讲习班。可持续银行网络秘书处根据2018年2月推出的SBN全球进展指标提供反馈。2015年12月，BOG成立了加纳可持续银行委员会，其任务是为银行业制定可持续融资原则。2017年底，可持续银行委员会起草了加纳可持续银行原则初稿。下一步包括根据利益攸关方的反馈最后确定《原则》，以及随后银行业正式通过《原则》。,"2020-09，西非气候智能型农业倡议
为应对气候变化对西非农业生产力的影响，特别是对小生产者的影响，西非国家经济共同体 (ECOWAS) 制定了一个纳入区域农业和粮食基金 (RFAF) 的财务机制，称为“西非气候智能型农业倡议 (WAICSA})。（https://www.bog.gov.gh/news/request-for-expression-of-interest-west-african-initiative-for-climate-smart-agriculture/）",,"BoG, IFC signs ESRM guidelines monitoring and implementation agreement",https://goo.gl/FVp6g1
Hungary,匈牙利,欧洲,高收入,yes,yes,4,yes,yes,NA,0,-,-,yes,yes，为匈牙利中央银行,-,-,-,,,,是,,是,,-,###############################################################################################################################################################################################################################################################,,-,-
Iceland,冰岛,欧洲,高收入,yes,yes,2,yes,no,no (Ministry of Finance),1,-,-,yes,yes，为冰岛中央银行,-,-,-,,,,,,是,,-,冰岛银行为NGFS成员。,,-,-
India,印度,亚太,中低收入,no,yes,2,yes,yes,no (Ministry of Finance),1,mandatory,2,yes,yes，为印度储备银行,"?印度储备银行，即中央银行
?印度证券交易委员会","?最低信用额度
?补贴流动资金投资环保项目
?披露要求",5,,是,是,,是,,,2015 年 4 月，印度储备银行发布了《优先部门贷款 - 目标和分类》通知，明确针对可再生能源和农业。 后者为银行提供额外的和补贴的流动性，用于向环保项目提供贷款，并规定最低信用额度。此外，在同一2015年，印度证券交易委员会（SEBI）要求对绿色债券的发行和上市提供详细的信息披露要求。,未找到官网,,Circular of Priority Sector Lending C Targets and Classification - RBI/2014-15/573,https://goo.gl/JwRaCL
Indonesia,印度尼西亚,亚太,中低收入,no,yes,1,no,no,no (Ministry of Finance),2,mandatory,2,yes,yes，为印度尼西亚银行,?印度尼西亚金融服务管理局,"最低信用额度和最高信用额度
披露标准",6,,,是,是,,是,,###############################################################################################################################################################################################################################################################,无,,Sustainable Finance Umbrella Policy,https://goo.gl/w1Yn58
Ireland,爱尔兰,欧洲,高收入,yes,yes,2,yes,yes,yes,1,under discussion,0,yes,yes，为爱尔兰中央银行,爱尔兰中央银行，即中央银行,披露标准,2,,,是,是,,是,,如果冰岛支持欧盟委员会公布的2018年可持续金融行动计划，则中央银行将采取进一步措施，帮助公共和私人资本流向可持续投资。爱尔兰银行与金融稳定委员会（FSB）是气候相关财务披露工作组（TCFD）的一部分，该工作组于2017年6月发布了最后一套建议。,###############################################################################################################################################################################################################################################################,,The Central Bank and Sustainability,https://www.centralbank.ie/news/article/central-bank-and-sustainability-philip-lane-governor-central-bank-ireland
Israel,以色列,中东中亚,高收入,yes,yes,2,yes,yes,NA,0,-,-,yes,yes，为以色列银行,-,-,-,,,,,,是,,-,以色列银行为NGFS成员。,,-,-
Italy,意大利,欧洲,高收入,yes,yes,2,yes,yes,no (Ministry of Finance),1,under discussion,0,yes,yes，为意大利银行,"?意大利银行，即中央银行
?财政部","?气候变化对金融体系构成的风险分析
（需要新的金融监管工具和指导方针",4,,,,是,,是,,意大利于2016年2月启动了可持续金融全国对话，以评估现有做法，确定关键挑战，并提出政策选择，以扩大有希望的发展。它由环境部与其他部委和公共当局共同发起，包括一系列工作组，由金融部门和研究界的领导人组成。对话是与联合国环境规划署合作召开的，它带来了国际经验。必须强调，金融业对绿色经济风险和机遇的认识更高：以及需要制定新的银行监管规则，以加强环境风险分析。,2019-07，Fiorella Salvucci 和 Fabio Verachi，“将 ESG 和气候变化风险整合到风险评估和管理系统中。（https://www.bancaditalia.it/media/notizia/ignazio-visco-su-climate-finance-how-far-will-central-bankers-go-al-climate-capital-live-del-financial-times/）,,Report of the Italian National Dialogue on Sustainable Finance,https://goo.gl/iBAJ6o
Japan,日本,亚太,高收入,yes,yes,1,yes,no,no (Ministry of Finance),1,voluntary,1,yes,yes，日本银行和日本金融服务管理局,日本银行，即中央银行,"?最低信用额度
?补贴流动资金投资环保项目
?披露要求",5,,是,是,是,是,,,2004年，日本开发银行推出了环境评级贷款：贷款计划，通过评估公司环境管理建立的生态评级后确定的优惠利率，纳入环境评级使用制度。2007年，日本启动了一个补贴环境评级贷款利息支付的项目。2010年6月15日签署的《支持通过贷款支持计划加强经济增长基础的基金拨备措施的主要条款和条件》界定了流动性支持的部门和要求。 ,###############################################################################################################################################################################################################################################################,,Principal Terms and Conditions for the Fund-Provisioning Measure to Support Strengthening the Foundations for Economic Growth Conducted through the Loan Support Program,https://goo.gl/CsxEXt
Kenya,肯尼亚,非洲,中低收入,no,no,2,yes,yes,NA,0,voluntary,1,no,no,肯尼亚银行家协会,"?风险管理策略
?披露要求",7,,是,是,,,,,肯尼亚参与解决环境、社会和治理问题始于1990年代，其《公司治理守则》是肯尼亚的事务所。肯尼亚银行业通过肯尼亚银行家协会 （KBA） 在 2015 年 3 月举行的第二届可持续金融首席执行官圆桌会议上通过了《可持续金融指导原则》。KBA目前正在与银行合作，以确保它们有能力和资源来执行这些原则。 2016年，该国启动了《气候变化法》，以动员公共和私营部门的行动者向低碳经济过渡。肯尼亚于2017年启动了绿色经济战略和实施计划。,未找到官网,,Sustainable Finance Guiding Principles,https://goo.gl/LVQyfZ
Laos,老挝,亚太,中低收入,no,no,4,no,no,NA,2,under discussion,0,no,no,老挝银行，即中央银行,"?风险处理和管理策略
?披露要求",7,,是,是,,,,, ,未找到官网,,IFC and Bank of Lao PDR Join to Discuss the Benefits of Green Credit Policy,https://goo.gl/4EUskZ
Latvia,拉脱维亚,欧洲,高收入,yes,yes,2,yes,no,yes,1,-,-,yes,yes，为拉脱维亚银行,-,-,-,,,,,,是,,-,2020-03，拉脱维亚银行已加入全球中央银行和监管机构绿色金融体系网络。（https://www.bank.lv/en/component/content/article/596-for-media/press-releases/12083-latvijas-banka-joins-global-central-bank-network-for-addressing-climate-challenges）,,-,-
Lebanon,黎巴嫩,中东中亚,中高收入,no,no,2,yes,yes,NA,0,mandatory,2,no,no,中央银行,绿色（差别化）准备金要求,0,是,,,,,,,黎巴嫩银行支持绿色信贷，将商业银行的存款准备金率降低100-150%，以证明银行可以提供金融预测的节能潜力证明。,未找到官网,,"Basic Circular No 81
Addressed to Banks and Financial Institutions",https://goo.gl/9rTco2
Luxembourg,卢森堡,欧洲,高收入,yes,yes,1,yes,no,no (Ministry of Finance),1,under discussion,0,no,no,金融部门监督委员会,披露与气候相关的风险,2,,,是,是,,,,"2017年12月，卢森堡中央银行和世界各地的其他银行共同创建了""金融系统绿化网络""，作为自愿信息和最佳做法共享框架，旨在将绿色金融和更可持续的增长纳入主流。西班牙银行是采用绿色宏观审慎工具的先驱之一。",###############################################################################################################################################################################################################################################################,,NGFS First Progress Report  ,https://www.banque-france.fr/sites/default/files/media/2018/10/11/818366-ngfs-first-progress-report-20181011.pdf
Mexico,墨西哥,美洲,中高收入,yes,yes,2,yes,no,yes (chairing together with Ministry of Finance),1,voluntary,1,yes,yes，为墨西哥银行,墨西哥银行协会,"?气候风险管理
?可持续贷款策略",2,,,是,是,,是,,"墨西哥领导了将""包容性绿色增长""确立为20国集团20国集团20国集团主席任期内优先发展议程的一个优先事项。""包容性绿色增长""由随后的20国集团主席推动，并导致绿色投资倡议于2015年6月启动。ABM（墨西哥银行协会）通过制定一项由19家银行签署的""可持续性议定书""，在墨西哥领导了一种自愿的行业可持续银行业方法。",2020-02，墨西哥银行，墨西哥金融体系中的气候和环境风险与机遇。从诊断到行动（https://www.banxico.org.mx/sistema-financiero/d/%7B3A8C7F15-9FE1-9A2A-DCF7-6C6D11A0E1DB%7D.pdf）,,Sustainability Protocol ,https://goo.gl/CsxEXt
Mongolia,蒙古,亚太,中低收入,no,no,1,yes,no,no(Financial Regulatory Commission),1,voluntary,1,no,no,"?蒙古银行，即中央银行
?蒙古银行家协会",气候风险评估和管理,3,,,,是,,是,,###############################################################################################################################################################################################################################################################,"设立了适合国情的绿色金融分类目录。2019年12月，
蒙古国金融稳定委员会批准了《蒙古国绿色金融分类目录》（以下简称《目录》）。《目录》由MSFA推动编制，采用了三级分类的形式（正式发布目录的非官方中文翻译见附录），明确定义蒙古国境内的绿色项目。
推动了金融机构开展绿色项目融资、绿色企业贷款、
绿色中小企业借贷和绿色消费贷业务。
吸引了国际绿色资本参与筹建蒙古国家绿色金融公
司。
吸引了国际绿色资本参与筹建蒙古国家绿色金融公
司。",,Mongolian Sustainable Finance Principles,https://goo.gl/XuHGCC
Morocco,摩洛哥,非洲,中低收入,no,no,1,no,no,NA,2,voluntary,1,no,no,"・ 摩洛哥中央银行Al-Maghrib银行（BKAM）
?摩洛哥资本市场管理局","?ESG 标准作为授信过程中的信用成分
?披露要求",2,,,是,,,,,###############################################################################################################################################################################################################################################################,未找到官网,,Roadmap for aligning the Moroccan financial sector with sustainable development,https://goo.gl/ja8L8z
Nepal,尼泊尔,亚太,低收入,no,no,4,yes,yes,NA,0,voluntary,1,no,no,尼泊尔中央银行(NRB),将环境和社会问题纳入信贷风险评估过程,3,,,,是,,,,"尼泊尔于2018年5月28日发布了《银行和金融机构环境和社会风险管理指南》。尼泊尔拉斯特拉银行（NRB）推出的ESRM准则为识别、评估和管理E&S风险制定了标准。除其他外，该准则还为所有银行提供了向NRB报告可持续性绩效的报告模板。尼泊尔Rastra银行于2014年加入国际金融公司支持的可持续银行网络（SBN），开始了迈向可持续银行体系的旅程。ESRM 准则由国际金融公司和 NRB 的专家使用全球标准起草，包括国际金融公司的绩效标准和赤道原则，并通过与银行家协会和发展合作伙伴的长期协商最终确定。
",未找到官网,,Nepal Rastra Bank Guideline on Environmental and Social Risk Management for Banks and Financial Institutions,https://goo.gl/ThnySE
Netherlands,荷兰,欧洲,高收入,yes,yes,2,yes,yes,yes,0,under discussion,0,yes,yes，为荷兰银行,荷兰银行（DNB），即中央银行,"? 认识到气候风险对金融稳定的威胁
?气候相关压力测试",10,,,是,是,,是,是,"2016年，荷兰银行（DNB）建立了可持续融资平台。设立该基金的目的是促进和提高人们对金融部门可持续筹资的认识。DNB计划将与气候相关的风险纳入其评估框架。他们将继续致力于实施和进一步发展气候压力测试。DNB目前正在非寿险公司进行与气候相关的压力测试，并正在对过渡风险进行压力测试，重点是从宏观经济和宏观审慎角度考虑能源转型的影响。
",###############################################################################################################################################################################################################################################################,,DNBulletin: Increasing climate-related risks demand more action from the financial sector,"https://goo.gl/wefR91
https://goo.gl/JXZeZN"
Nigeria,尼日利亚,非洲,中低收入,no,no,2,yes,yes,yes,0,mandatory,2,no,no,中央银行,"?强制性披露要求
? 信贷额度 -流动性限额",5,,是,是,,是,,,2013年，中央银行引入了监测和报告机制，以指导和监测《原则》的执行情况。银行必须提供关于政策和系统的初步一次性报告以及基线数据收集，然后每两年报告根据九项原则组织的指标。,无,,Nigerian Sustainable Banking Principles (and Sector Guidelines),https://goo.gl/Pxav7p
Norway,挪威,欧洲,高收入,yes,no,2,yes,no,no (Ministry of Finance),1,under discussion,0,no,no,金融稳定委员会,"?建立可持续金融的共同分类法
将气候报告与金融稳定委员会的气候风险披露建议保持一致
（0）提高金融部门的气候能力和能力
。将气候风险列入挪威金融监管局的任务",4,,,,,,是,是,"2018年6月，挪威金融公司为挪威金融部门制定了可持续的金融路线图：""挪威金融部门绿色竞争力路线图""。 路线图设定了2030年挪威金融部门盈利和可持续的愿景，以及支持向低碳、可持续的挪威经济过渡的目标。",###############################################################################################################################################################################################################################################################,,The Roadmap for Green Competitiveness in the Norwegian Financial Sector,https://goo.gl/YicFoc
Pakistan,巴基斯坦,亚太,中低收入,no,no,4,no,no,NA,2,mandatory,2,no,no,巴基斯坦国家银行，即中央银行,"。将环境和气候变化风险纳入和吸收信贷风险方法
?披露绿色银行活动",6,,,是,是,,,,巴基斯坦于2017年10月9日发布了强制性的绿色银行指南。目前，《准则》涵盖了贷款、为绿色项目融资和减少银行碳足迹方面的环境和社会风险。强制性准则旨在为 E&S 风险管理提供公平的竞争环境，并刺激绿色融资。,无,,"State Bank of Pakistan - Green Banking Guidelines, October 2017",https://goo.gl/wNZ6yC
Peru,秘鲁,美洲,中高收入,no,yes,1,no,no,no ,2,voluntary,1,no,no,银行监督,"?环境风险管理
? 披露要求",6,,,是,是,,,,银行、保险和私人养老基金管理人监督局于2015年3月发布了《社会和环境风险管理条例》。该条例旨在为社会环境风险管理确立最低要求，以鼓励金融机构实施最佳做法和审慎的决策过程。SBS还发布了《加强尽职调查在金融公司社会环境风险管理监管中的作用》，以解释该监管的主要特点。,未找到官网,,Regulation for Social and Environmental Risk Management,https://goo.gl/X4bEQv
Poland,波兰,欧洲,高收入,yes,no,1,no,no ,yes (chairing together with Ministry of Finance ),2,-,-,no,no,-,-,-,,,,,,,,-,,,-,-
Russia,俄罗斯,欧洲,中高收入,no,yes,2,yes,yes,no (Government),1,under discussion,0,yes,yes，为俄罗斯银行,俄罗斯银行，即中央银行,讨论协调气候风险对金融稳定的需求准则,4,,,,是,,是,,"俄罗斯联邦于2017年5月举行了""绿色融资促进可持续发展""国际会议。俄罗斯中央银行进行了""金融市场监管审查：绿色债券""。",###############################################################################################################################################################################################################################################################,,"Overview of the regulation of financial markets, N4",https://goo.gl/F9fL9S
Saudi Arabia,沙特阿拉伯,中东中亚,高收入,no,observer,2,yes,yes,NA,0,under discussion,0,no,no,中央银行,绿色投资目标指南和扩大信贷能力的讨论,4,,,,,,是,,海湾国家长期以来一直反对国际气候保护协定。他们对石油和天然气的经济和政治依赖程度太高了。然而，近年来发生了范式转变：在其他海湾国家的带领下，沙特阿拉伯现在也正在达成一个更进步的气候保护政策。 沙特阿拉伯宣布到2030年在可再生能源方面投资300亿至500亿美元。 中央银行已表示打算加入可持续银行网络。,无,,Saudi Arabia’s small step towards sustainability,https://goo.gl/3DVMF7
Singapore,新加坡,亚太,高收入,no,yes,1,yes,yes,NA,0,under discussion,0,yes,yes，为新加坡货币管理局,新加坡货币管理局,讨论制定绿色金融愿景，支持金融监管方面的绿色转型,4,,是,是,是,,是,是,###############################################################################################################################################################################################################################################################,###############################################################################################################################################################################################################################################################,,"Keynote Address by Mr Lawrence Wong, Minister for National Development and Second Minister for Finance, at the Investment Management Association of Singapore's 20th Anniversary Conference on 23 March 2017",https://goo.gl/Q8wEG3
Slovakia,斯洛伐克共和国,欧洲,高收入,yes,yes,1,yes,yes,NA,0,-,-,no,no,- ,-,-,,,,,,,,-,无,,-,-
Slovenia,斯洛文尼亚,欧洲,高收入,yes,yes,1,yes,yes,yes,0,-,-,yes,yes，为斯洛文尼亚银行,- ,-,-,,,,,,是,,-,斯洛文尼亚银行是NGFS成员。,,-,-
South Africa,南非,非洲,中高收入,no,yes,1,yes,yes,yes,0,voluntary,1,yes,yes，为南非储备银行,南非银行协会,"?环境风险管理
? 披露要求",6,,,是,是,,,,南非银行协会于2014年提出了管理环境和社会风险的自愿原则。这些原则承认金融机构在保护、促进和履行南非社会、经济和环境权利方面可以发挥的作用，作为负责任的企业公民成员承诺遵守这些原则，并对其业务、业务、贷款和可持续投资做法进行进行和报告。,无,,Principles for Managing Environmental and Social Risk,https://goo.gl/4Q2BQ4
South Korea,韩国,亚太,高收入,yes,yes,1,yes,no,no (Ministry of Finance),1,mandatory,2,yes,yes，为韩国银行、韩国金融监管局,韩国环境部,"?披露要求
?最低信贷额度",7,,是,是,,,是,,"韩国首个气候变化应对总体规划的制定日期为2016年12月。2017年4月，新汉银行与韩国环境部和环境署FI支持机构KEITI启动了""绿色管理公司贷款计划""。该计划为环保型中小企业拨款8700万美元，贷款利率比现有项目低1.3%。 ",37%是国家到2030年要实现的减排目标。（http://eng.me.go.kr/eng/web/index.do?menuId=463）,,Green Management Firm Loan Program Climate Change Response Master Plan,"? https://goo.gl/LE3Tzw 
?https://goo.gl/HQcmHd"
Spain,西班牙,欧洲,高收入,yes,yes,1,yes,yes,no (Ministry of Finance),1,under discussion,0,yes,yes，为西班牙银行,西班牙银行，即中央银行,披露与气候相关的风险,2,,,是,,,是,,"2017年12月，西班牙银行和世界各地的其他银行共同创建了""金融系统绿化网络""，作为自愿信息和最佳做法共享框架，旨在将绿色金融和更可持续的增长纳入主流。西班牙银行是采用绿色宏观审慎工具的先驱之一。",无,,NGFS First Progress Report  ,https://www.banque-france.fr/sites/default/files/media/2018/10/11/818366-ngfs-first-progress-report-20181011.pdf
Sweden,瑞典,欧洲,高收入,yes,yes,2,no,no,no (Ministry of Finance),2,under discussion,0,yes,yes，为瑞典金融服务局,政府,披露与气候相关的风险,2,,是,是,是,,,,"2016年对瑞典非金融公司实施了碳披露要求，并提议瑞典投资基金（UCITS和AIF）于2018年1月1日生效。 瑞典已宣布对绿色债券市场的发展进行专门调查。瑞典根据自己在气候相关披露方面的本国经验，完全支持在欧洲和国际一级执行金融稳定委员会（FSB）气候相关财务披露特别工作组的建议。
",###############################################################################################################################################################################################################################################################,,France and Sweden step up their collaboration on green finance to boost the transition towards low-carbon and climate-resilient economies,https://goo.gl/3xCsV8
Switzerland,瑞士,欧洲,高收入,yes,yes,1,yes,no,yes (co-chaired with  Swiss Financial Market Supervisory Authority),1,under discussion,0,no,no,联邦环境办公室,"?关于披露要求的讨论
?将气候风险整合到金融监管框架中",6,,,是,是,,,,"瑞士可持续金融始于 2014 年 7 月，旨在使瑞士成为可持续金融领域的领先中心。不久之后，联邦环境办公室将瑞士参与环境署调查项目的相关利益攸关方分组，引发了关于可持续金融的全国对话。2015 年 5 月在""不断变化的世界中的瑞士金融""研讨会上提出的瑞士团队答卷在三个方面提出了建议：
（1） 公共行动和框架条件，（2） 私人行动、自我调节和激励措施，（3） 估价真实成本。
2018年，瑞士小组提出了其关于瑞士可持续金融体系路线图的切实建议。",无,,Proposals for a Roadmap towards a Sustainable Financial System in Switzerland,https://goo.gl/Rq9YXD
Turkey,土耳其,中东中亚,中高收入,no,yes,2,yes, no,no (Ministry of Finance),1,voluntary,1,no,no,土耳其银行业协会,"?环境风险管理
?披露要求",6,,,是,是,,,,土耳其银行遵循市场主导的可持续银行业路线，符合国家目标以及国际原则和良好做法。2014年，土耳其银行协会（BAT）发布了银行业自愿可持续发展指南。《准则》由英美烟草公司关于金融部门在可持续增长中的作用的工作组编写，有18家银行参加。,未找到官网,,Sustainability Guidelines for the Banking Sector,https://goo.gl/Dm7uXa
UK,英国,欧洲,高收入,yes,yes,2,yes,yes,yes,0,under discussion,0,yes,yes，为英格兰银行,英格兰银行，即中央银行,披露与气候相关的金融风险,2,,,是,是,,,是,"2017年，英国央行与其他英国金融监管机构就绿色金融和气候相关金融风险进行了""对话""。  目前，英格兰银行正在评估和应对与气候有关的金融风险。英国绿色投资银行首次发布了一份衡量项目""绿色影响""的报告（2016年11月）。",###############################################################################################################################################################################################################################################################,,The Bank of England’s response to climate change,https://goo.gl/1sFYYG
USA,美国,美洲,高收入,yes,yes,1,no,yes,no (Ministry of Finance),1,under discussion,0,no,no,政府,认识到金融体系的气候风险，以及关于需要将其纳入金融监管辩论的相互矛盾的辩论,4,,,,是,,是,,###############################################################################################################################################################################################################################################################,2020-11，金融稳定报告。气候变化对金融稳定的影响，从气候相关风险到金融体系脆弱性的可能传导。（https://www.federalreserve.gov/publications/2020-november-financial-stability-report-near-term-risks.htm）,,The state of sustainable finance in the United States,https://goo.gl/uT7e1v
Vietnam,越南,亚太,中低收入,no,no,2,yes,yes,yes,0,mandatory,2,no,no,越南国家银行，即中央银行,"?强制性披露要求
*绿色信贷目标
?最低信用额度",7,,是,是,,,,,2015 年 3 月，国家越南银行 （SBV） 发布指令，促进银行开展绿色信贷和可持续性风险管理。该指令要求所有在越南经营的金融机构建立环境和社会风险管理（ESRM）系统，并开发创新产品，使向环境和社会友好的商业活动提供贷款，以符合绿色信贷增长和目标。,无,,Directive on Promoting Green Credit Growth and Environmental and Social Risks Management in Credit Granting Activities,https://goo.gl/hMitbN
